{"clean_ratio_loss":13.853843688964844,"Vec-Ratio/clf:0.25 and ratio:1/train_loss":1.5851988053755326,"Classifier-Val/FN":5,"mask_token_diff":2.4215543270111084,"Vec-Ratio/clf:1 and ratio:0/train_loss":2623.851234375,"[Ratio on t-clf]/train_loss":0.06938206984780051,"Vec-Ratio/clf:{eta_clf} and ratio:{eta_ratio}/loss_clf":2.789252758026123,"[Ratio on t-clf + clean ratio]/train_loss":11.757083240855824,"[Ratio‑TD-only-src]/train_loss":13.810491125488282,"reconstruction_loss":0,"Classifier-Val/accuracy":0.9772727272727273,"Time-Dependent Classifier/train_loss":0.16156450150229715,"epoch":30,"Classifier-Val/FP":245,"Ratio-Reg/L_cycle":64.58285522460938,"Vec-Ratio/clf:0 and ratio:1/train_loss":0.6817140697132458,"data/num_tgt":1000,"_runtime":917.766189,"token_mean":-0.5667631030082703,"mask_mean":-2.9883172512054443,"_wandb":{"runtime":917},"Ratio-Reg/train_loss":3.7601518630981445,"Classifier-Val/loss":0.08167389622601595,"Classifier-Val/TN":755,"Classifier-Val/TP":9995,"Classifier/train_loss":0.06729234009981155,"data/num_src":10000,"_step":3011,"Denoiser/train_loss":0.6088499313354492,"[Ratio‑TD]/train_loss":4.8933431951349435,"Vec-Ratio/clf:{eta_clf} and ratio:{eta_ratio}/mask_reg":0.09563146531581879,"Ratio-Reg/L_consistency":0,"Vec-Ratio/clf:{eta_clf} and ratio:{eta_ratio}/loss_ratio":0.9867055416107178,"_timestamp":1.7485436658485088e+09}