{"Classifier/train_loss":0.0008396843331865966,"Ratio-Reg/L_cycle":142.67431640625,"[Ratio on t-clf + reconstruction loss]/train_loss":36.41765802556818,"_runtime":1281.226002,"token_mean":-0.12647438049316406,"Ratio-Reg/L_consistency":0,"Time-Dependent Classifier/train_loss":0.10095491287925026,"Ratio-Reg/train_loss":6.4493408203125,"[Ratio on t-clf]/train_loss":1.2965524930087002,"Vec-Ratio/clf:0 and ratio:1/train_loss":0.34495482982288705,"Classifier-Val/TP":10000,"mask_mean":248.0565948486328,"_step":256,"Classifier-Val/FN":0,"[Ratio‑TD-only-src]/train_loss":26.65312078857422,"_wandb":{"runtime":1281},"epoch":30,"Classifier-Val/TN":983,"mask_token_diff":-248.1830596923828,"Classifier-Val/FP":17,"[Ratio‑TD]/train_loss":34.57953482333097,"Classifier-Val/loss":0.00997227000377395,"Denoiser/train_loss":0.6062212776184082,"data/num_src":10000,"Classifier-Val/accuracy":0.9984545454545455,"_timestamp":1.748456341148442e+09,"data/num_tgt":1000}