{"_runtime":172.532473,"clean_ratio_loss":11.332542419433594,"Classifier-Val/TN":847,"Classifier/train_loss":0.08456148207187653,"Classifier-Val/loss":0.041929860976609314,"fig/Target_samples_n___1000_20250530_113206":{"height":1164,"_type":"image-file","sha256":"ab2eb38946790314a14db11999c36eb681cc8668b667c67d5747232478f92e2b","size":254005,"path":"media/images/fig/Target_samples_n___1000_20250530_113206_0_ab2eb38946790314a14d.png","format":"png","width":1468},"[Ratio‑TD]/train_loss":28.134186434659092,"Vec-Ratio/clf:{eta_clf} and ratio:{eta_ratio}/loss_ratio":91.33773803710938,"_wandb":{"runtime":172},"Ratio-Reg/train_loss":5.94325065612793,"fig/Source_samples_n___10000_20250530_113206":{"height":1164,"_type":"image-file","sha256":"58a4a0981732f8d05ba02455c998e8134ef745cf7302a149f949581c20d79b3d","size":448782,"path":"media/images/fig/Source_samples_n___10000_20250530_113206_1_58a4a0981732f8d05ba0.png","format":"png","width":1468},"Classifier-Val/FN":21,"Classifier-Val/FP":153,"Vec-Ratio/clf:0 and ratio:1/train_loss":220.19313458806818,"Vec-Ratio/clf:1 and ratio:0/train_loss":243.96452840909092,"epoch":1,"[Ratio‑TD-only-src]/train_loss":27.479812060546877,"Classifier-Val/accuracy":0.9841818181818182,"[Ratio on t-clf]/train_loss":30.126270374644886,"Ratio-Reg/L_consistency":0,"_step":271,"reconstruction_loss":0,"data/num_tgt":1000,"Ratio-Reg/L_cycle":60.09349822998047,"Classifier-Val/TP":9979,"Denoiser/train_loss":2.227961956787109,"[Ratio on t-clf + clean ratio]/train_loss":36.28877135120739,"Vec-Ratio/clf:{eta_clf} and ratio:{eta_ratio}/mask_reg":11.362812995910645,"Time-Dependent Classifier/train_loss":0.16934420776367187,"Vec-Ratio/clf:0.25 and ratio:1/train_loss":257.00758291903406,"data/num_src":10000,"Vec-Ratio/clf:{eta_clf} and ratio:{eta_ratio}/loss_clf":108.9670181274414,"_timestamp":1.7486192982949052e+09}