{"_wandb":{"runtime":3398},"Classifier-Val/TN":983,"Ratio-Reg/L_cycle":139.66961669921875,"[Ratio on t-clf + reconstruction loss]/train_loss":37.38431769353693,"Denoiser/train_loss":0.6062207641601562,"Classifier-Val/loss":0.00997227000377395,"Classifier-Val/TP":10000,"_step":435,"data/num_tgt":1000,"Ratio-Reg/train_loss":6.38107967376709,"Vec-Ratio/clf:0.1 and ratio:1/train_loss":0.9688794375332919,"[Ratio‑TD-only-src]/train_loss":26.6546614654541,"_timestamp":1.748450494618036e+09,"[Ratio‑TD]/train_loss":6.371493674538352,"_runtime":3397.778765,"data/num_src":10000,"Vec-Ratio/clf:0.25 and ratio:1/train_loss":1.7473897594105114,"Classifier-Val/FP":17,"mask_token_diff":0.4491925537586212,"Time-Dependent Classifier/train_loss":0.10095491409301757,"token_mean":7.6957688331604,"mask_mean":7.246575832366943,"[Ratio on t-clf]/train_loss":0.012260656421834772,"Classifier-Val/accuracy":0.9984545454545455,"epoch":30,"Classifier-Val/FN":0,"Ratio-Reg/L_consistency":0,"Classifier/train_loss":0.0008392825839109719,"Vec-Ratio/clf:0.4 and ratio:1/train_loss":2.292791770241477}