{"Classifier-Val/TP":10000,"_runtime":921.598189,"[Ratio on t-clf + clean ratio]/train_loss":11.922588922674006,"Vec-Ratio/clf:{eta_clf} and ratio:{eta_ratio}/mask_reg":0.13958358764648438,"Classifier-Val/loss":0.06172152584249323,"epoch":30,"Classifier-Val/accuracy":0.9835454545454545,"token_mean":-1.4567670822143555,"_wandb":{"runtime":921},"Time-Dependent Classifier/train_loss":0.15533350840481844,"Vec-Ratio/clf:0.25 and ratio:1/train_loss":1.7636597955877131,"Vec-Ratio/clf:0 and ratio:1/train_loss":0.708553335016424,"[Ratio on t-clf]/train_loss":0.05280096331509677,"Ratio-Reg/L_consistency":0,"data/num_tgt":1000,"Vec-Ratio/clf:{eta_clf} and ratio:{eta_ratio}/loss_ratio":0.8596169352531433,"Classifier-Val/FN":0,"Ratio-Reg/L_cycle":81.14107513427734,"Ratio-Reg/train_loss":3.7869439125061035,"[Ratio‑TD-only-src]/train_loss":15.641523843383789,"clean_ratio_loss":15.692793846130371,"Classifier-Val/FP":181,"_step":3011,"Classifier/train_loss":0.06485238671302795,"Vec-Ratio/clf:1 and ratio:0/train_loss":1949.2687876420455,"data/num_src":10000,"[Ratio‑TD]/train_loss":5.182626292835582,"Vec-Ratio/clf:{eta_clf} and ratio:{eta_ratio}/loss_clf":3.6740598678588867,"_timestamp":1.748544721135392e+09,"Classifier-Val/TN":819,"reconstruction_loss":0,"mask_mean":-3.4524848461151123,"Denoiser/train_loss":0.660731216430664,"mask_token_diff":1.9957176446914673}