{"Denoiser/train_loss":0.6370431274414062,"_runtime":270.112062,"[Ratio‑TD]/train_loss":6.64411982865767,"_timestamp":1.748458721695343e+09,"Classifier-Val/FN":0,"Classifier-Val/TP":10000,"epoch":30,"Classifier/train_loss":0.0001409621036145836,"Classifier-Val/TN":1000,"_step":113,"Classifier-Val/loss":4.581295944411646e-05,"Classifier-Val/FP":0,"_wandb":{"runtime":272},"data/num_tgt":1000,"data/num_src":10000,"Time-Dependent Classifier/train_loss":0.08580431738766757,"[Ratio‑TD-only-src]/train_loss":44.303582745361325,"Classifier-Val/accuracy":1}