{"Classifier-Val/accuracy":0.9529090909090909,"_wandb":{"runtime":1135},"epoch":30,"Vec-Ratio/clf:0 and ratio:1/train_loss":2.327705086447976,"Classifier/train_loss":0.1392449289560318,"[Ratio on t-clf]/train_loss":1.097562601262873,"Vec-Ratio/clf:{eta_clf} and ratio:{eta_ratio}/loss_clf":5.030822277069092,"mask_token_diff":1.25255286693573,"_timestamp":1.748462627148752e+09,"Classifier-Val/FN":208,"Vec-Ratio/clf:0.25 and ratio:1/train_loss":3.930517217462713,"reconstruction_loss":0,"[Ratio‑TD-only-src]/train_loss":15.126969970703126,"Time-Dependent Classifier/train_loss":0.2191617116061124,"_step":4284,"Classifier-Val/TP":9792,"Ratio-Reg/L_cycle":17.444711685180664,"mask_mean":-3.724868059158325,"Vec-Ratio/clf:{eta_clf} and ratio:{eta_ratio}/mask_reg":0.5148859024047852,"Vec-Ratio/clf:{eta_clf} and ratio:{eta_ratio}/loss_ratio":2.5042643547058105,"[Ratio‑TD]/train_loss":3.89190732643821,"Ratio-Reg/train_loss":4.992579460144043,"Ratio-Reg/L_consistency":0,"data/num_tgt":1000,"Denoiser/train_loss":0.6583337295532227,"Classifier-Val/loss":0.12157907312566583,"token_mean":-2.4723145961761475,"_runtime":1134.338275,"Classifier-Val/TN":690,"clean_ratio_loss":6.724222183227539,"data/num_src":10000,"Classifier-Val/FP":310}