{"Classifier-Val/FP":416,"clean_ratio_loss":5.150434494018555,"data/num_src":10000,"_runtime":444.501387,"Denoiser/train_loss":0.6619506927490234,"Vec-Ratio/clf:{eta_clf} and ratio:{eta_ratio}/mask_reg":0.5477009415626526,"Vec-Ratio/clf:{eta_clf} and ratio:{eta_ratio}/loss_clf":3.6743087768554688,"data/num_tgt":1000,"Ratio-Reg/L_cycle":11.867250442504883,"Classifier-Val/TP":9817,"[Ratio on t-clf]/train_loss":0.8281425559303978,"Classifier-Val/loss":0.1448459822914817,"Vec-Ratio/clf:0 and ratio:1/train_loss":1.9488031227805398,"Classifier-Val/accuracy":0.9455454545454546,"Classifier-Val/TN":584,"Time-Dependent Classifier/train_loss":0.2331248217496005,"_wandb":{"runtime":1130},"Vec-Ratio/clf:{eta_clf} and ratio:{eta_ratio}/loss_ratio":2.167013645172119,"[Ratio‑TD]/train_loss":2.9886988802823153,"_timestamp":1.748460077537923e+09,"[Ratio‑TD-only-src]/train_loss":12.327705004882812,"_step":4044,"epoch":30,"Vec-Ratio/clf:0.25 and ratio:1/train_loss":3.117377569025213,"Classifier/train_loss":0.16979672014713287,"Classifier-Val/FN":183,"Ratio-Reg/L_consistency":0,"reconstruction_loss":0,"Ratio-Reg/train_loss":3.5782694816589355}