{"Classifier-Val/TP":10000,"Time-Dependent Classifier/train_loss":0.10095491409301757,"[Ratio‑TD]/train_loss":6.604986705433238,"Classifier-Val/accuracy":0.9984545454545455,"[Ratio‑TD-only-src]/train_loss":31.12439115600586,"Classifier-Val/loss":0.009972270166332071,"data/num_src":10000,"Ratio-Reg/L_consistency":0,"[Ratio on t-clf]/train_loss":18.272056385387074,"_runtime":330.474788,"data/num_tgt":1000,"_timestamp":1.748370515149643e+09,"Classifier-Val/FP":17,"Classifier-Val/FN":0,"_step":127,"Ratio-Reg/train_loss":6.822067737579346,"[Ratio on t-clf + reconstruction loss]/train_loss":47.60562912819602,"Ratio-Reg/L_cycle":133.34315490722656,"Denoiser/train_loss":0.5962004150390625,"_wandb":{"runtime":353},"Classifier/train_loss":0.0008400105289183557,"epoch":1,"Vec-Ratio-TD-full/train_loss":3068.7758870738635,"Classifier-Val/TN":983}