{"Vec-Ratio/clf:{eta_clf} and ratio:{eta_ratio}/loss_ratio":0.7704225778579712,"token_mean":-0.7119989395141602,"epoch":30,"[Ratio‑TD]/train_loss":4.894981916947798,"_step":4284,"Classifier-Val/TP":9995,"Ratio-Reg/train_loss":4.148064136505127,"Vec-Ratio/clf:0 and ratio:1/train_loss":0.676728627985174,"Classifier-Val/loss":0.08167389813336459,"[Ratio‑TD-only-src]/train_loss":13.812270080566407,"reconstruction_loss":0,"Classifier-Val/FP":245,"mask_token_diff":2.075951337814331,"Classifier-Val/FN":5,"[Ratio on t-clf + clean ratio]/train_loss":0.8364520444003019,"Classifier-Val/TN":755,"[Ratio on t-clf]/train_loss":0.06938214752890846,"_runtime":1241.218291,"Ratio-Reg/L_cycle":74.477783203125,"data/num_tgt":1000,"Classifier-Val/accuracy":0.9772727272727273,"_wandb":{"runtime":1241},"clean_ratio_loss":7.078691005706787,"Time-Dependent Classifier/train_loss":0.1615645018490878,"Classifier/train_loss":0.06711677461862564,"Ratio-Reg/L_consistency":0,"_timestamp":1.7484705094447029e+09,"Vec-Ratio/clf:{eta_clf} and ratio:{eta_ratio}/mask_reg":0.07065164297819138,"Denoiser/train_loss":0.6088499328613282,"Vec-Ratio/clf:0.25 and ratio:1/train_loss":1.4439441861239346,"mask_mean":-2.787950277328491,"Vec-Ratio/clf:{eta_clf} and ratio:{eta_ratio}/loss_clf":2.422316312789917,"data/num_src":10000}