{"epoch":30,"clean_ratio_loss":3.372734785079956,"Vec-Ratio/clf:0.25 and ratio:1/train_loss":1.5025925376198508,"Denoiser/train_loss":0.6105515998840332,"mask_token_diff":0.915684700012207,"Time-Dependent Classifier/train_loss":0.23425478397716176,"[Ratio‑TD]/train_loss":2.4346070085005325,"Vec-Ratio/clf:{eta_clf} and ratio:{eta_ratio}/loss_ratio":0.9896268844604492,"Vec-Ratio/clf:{eta_clf} and ratio:{eta_ratio}/loss_clf":1.6204752922058105,"[Ratio on t-clf]/train_loss":0.1625834933194247,"_timestamp":1.748468733210685e+09,"reconstruction_loss":0,"Classifier-Val/FN":46,"Classifier-Val/FP":654,"token_mean":-0.22305381298065186,"[Ratio on t-clf + clean ratio]/train_loss":0.49199872797185723,"Classifier-Val/loss":0.17302896837754683,"Ratio-Reg/L_cycle":5.286990165710449,"Ratio-Reg/train_loss":3.91994047164917,"Ratio-Reg/L_consistency":0,"_runtime":1127.993005,"mask_mean":-1.1387386322021484,"_wandb":{"runtime":1128},"data/num_src":10000,"data/num_tgt":1000,"Classifier-Val/TP":9954,"Classifier/train_loss":0.1645747423171997,"Vec-Ratio/clf:0 and ratio:1/train_loss":1.034529649214311,"_step":4284,"Classifier-Val/accuracy":0.9363636363636364,"Classifier-Val/TN":346,"[Ratio‑TD-only-src]/train_loss":9.2004138671875,"Vec-Ratio/clf:{eta_clf} and ratio:{eta_ratio}/mask_reg":0.4149799942970276}