{"[Ratio‑TD-only-src]/train_loss":29.425645166015624,"Vec-Ratio/clf:{eta_clf} and ratio:{eta_ratio}/loss_clf":112.82202911376953,"data/num_tgt":1000,"Classifier-Val/TP":9932,"Classifier-Val/loss":0.029293232440948485,"Vec-Ratio/clf:{eta_clf} and ratio:{eta_ratio}/loss_ratio":93.46357727050781,"Vec-Ratio/clf:1 and ratio:0/train_loss":184.4376571377841,"fig/Target_samples_n___1000_20250530_112716":{"height":1164,"_type":"image-file","sha256":"5b6cccc5ca046ce78cd01bfc6636232a0f8402e30d1beca2ac762cde392ba6bb","size":254230,"path":"media/images/fig/Target_samples_n___1000_20250530_112716_0_5b6cccc5ca046ce78cd0.png","format":"png","width":1468},"Vec-Ratio/clf:0 and ratio:1/train_loss":223.25206729403408,"Vec-Ratio/clf:{eta_clf} and ratio:{eta_ratio}/mask_reg":9.639082908630371,"[Ratio‑TD]/train_loss":31.19194815340909,"[Ratio on t-clf + clean ratio]/train_loss":29.966402654474432,"data/num_src":10000,"[Ratio on t-clf]/train_loss":26.09811123934659,"Vec-Ratio/clf:0.25 and ratio:1/train_loss":263.73661807528407,"Classifier-Val/FP":47,"epoch":1,"Ratio-Reg/L_consistency":0,"_wandb":{"runtime":156},"Ratio-Reg/train_loss":7.2795562744140625,"fig/Source_samples_n___10000_20250530_112716":{"width":1468,"height":1164,"_type":"image-file","sha256":"58a4a0981732f8d05ba02455c998e8134ef745cf7302a149f949581c20d79b3d","size":448782,"path":"media/images/fig/Source_samples_n___10000_20250530_112716_1_58a4a0981732f8d05ba0.png","format":"png"},"_step":261,"_timestamp":1.7486189925282261e+09,"Classifier/train_loss":0.030809346586465836,"reconstruction_loss":0,"Ratio-Reg/L_cycle":49.41179656982422,"_runtime":156.494052,"Classifier-Val/FN":68,"clean_ratio_loss":15.433197975158691,"Time-Dependent Classifier/train_loss":0.17008476985584606,"Denoiser/train_loss":2.2672987518310546,"Classifier-Val/TN":953,"Classifier-Val/accuracy":0.9895454545454545}