{"token_mean":-2.8151187896728516,"mask_mean":-1.3846455812454224,"Vec-Ratio/clf:0 and ratio:1/train_loss":1982.381671875,"data/num_src":10000,"epoch":1,"Denoiser/train_loss":0.6583337829589844,"Ratio-Reg/train_loss":6.180477142333984,"[Ratio‑TD-only-src]/train_loss":15.103382116699219,"Classifier-Val/FN":208,"[Ratio‑TD]/train_loss":14.022651123046876,"Classifier-Val/TN":690,"Vec-Ratio/clf:0.25 and ratio:1/train_loss":3108.838052556818,"[Ratio on t-clf + clean ratio]/train_loss":12.747620372425427,"clean_ratio_loss":11.45400333404541,"data/num_tgt":1000,"Classifier-Val/loss":0.12155698828263717,"Vec-Ratio/clf:{eta_clf} and ratio:{eta_ratio}/loss_ratio":381.3935241699219,"Classifier-Val/TP":9792,"Classifier-Val/accuracy":0.9529090909090909,"Classifier/train_loss":0.13885420560836792,"_runtime":153.786799,"Time-Dependent Classifier/train_loss":0.219161170612682,"mask_token_diff":-1.4304732084274292,"reconstruction_loss":0,"Vec-Ratio/clf:1 and ratio:0/train_loss":2613.28875,"_step":299,"[Ratio on t-clf]/train_loss":8.950169267134234,"Ratio-Reg/L_consistency":0,"Classifier-Val/FP":310,"_timestamp":1.7485411394659479e+09,"Vec-Ratio/clf:{eta_clf} and ratio:{eta_ratio}/mask_reg":10.631834030151367,"_wandb":{"runtime":154},"Vec-Ratio/clf:{eta_clf} and ratio:{eta_ratio}/loss_clf":378.1455993652344,"Ratio-Reg/L_cycle":17.19943618774414}