{"reconstruction_loss":0,"_wandb":{"runtime":51},"[Ratio on t-clf + clean ratio]/train_loss":0.2196017750826749,"Ratio-Reg/L_consistency":0,"_step":37,"[Ratio on t-clf]/train_loss":0.19778032545609908,"epoch":1,"clean_ratio_loss":0.18639130890369415,"fig/Target_samples_n___1000_20250530_114441":{"format":"png","width":1468,"height":1164,"_type":"image-file","sha256":"04ea785caf280fde77655bd97fe70dc2f52dea9748ba774af1cd422ed88a25c1","size":262714,"path":"media/images/fig/Target_samples_n___1000_20250530_114441_0_04ea785caf280fde7765.png"},"fig/Source_samples_n___10000_20250530_114441":{"sha256":"58a4a0981732f8d05ba02455c998e8134ef745cf7302a149f949581c20d79b3d","size":448782,"path":"media/images/fig/Source_samples_n___10000_20250530_114441_1_58a4a0981732f8d05ba0.png","format":"png","width":1468,"height":1164,"_type":"image-file"},"Ratio-Reg/train_loss":0.18275165557861328,"_timestamp":1.748619931847763e+09,"data/num_src":10000,"Ratio-Reg/L_cycle":0.25793856382369995,"_runtime":50.779331,"Denoiser/train_loss":2.202496694946289,"[Ratio‑TD]/train_loss":0.2637002046758478,"data/num_tgt":1000,"[Ratio‑TD-only-src]/train_loss":0.2243838218688965}