{"_timestamp":1.748541633075704e+09,"clean_ratio_loss":5.668883323669434,"Classifier/train_loss":0.1647646427154541,"Vec-Ratio/clf:0 and ratio:1/train_loss":3085.782200284091,"_step":299,"Vec-Ratio/clf:1 and ratio:0/train_loss":2737.0602890625,"Classifier-Val/TP":9954,"Vec-Ratio/clf:{eta_clf} and ratio:{eta_ratio}/mask_reg":11.389566421508789,"Classifier-Val/FP":654,"Vec-Ratio/clf:0.25 and ratio:1/train_loss":3994.735725852273,"epoch":1,"token_mean":-5.343398571014404,"Vec-Ratio/clf:{eta_clf} and ratio:{eta_ratio}/loss_clf":569.1611328125,"Classifier-Val/TN":346,"[Ratio on t-clf + clean ratio]/train_loss":6.247542042125355,"[Ratio‑TD]/train_loss":8.837446133700285,"Denoiser/train_loss":0.6105516044616699,"data/num_src":10000,"Ratio-Reg/L_cycle":4.537864685058594,"data/num_tgt":1000,"Time-Dependent Classifier/train_loss":0.23425477149269797,"Ratio-Reg/train_loss":3.7714359760284424,"_runtime":151.422838,"mask_mean":-2.5980403423309326,"Vec-Ratio/clf:{eta_clf} and ratio:{eta_ratio}/loss_ratio":562.3887329101562,"Ratio-Reg/L_consistency":0,"mask_token_diff":-2.7453582286834717,"Classifier-Val/accuracy":0.9363636363636364,"Classifier-Val/loss":0.1730290283723311,"_wandb":{"runtime":151},"[Ratio‑TD-only-src]/train_loss":9.197554016113282,"[Ratio on t-clf]/train_loss":6.08035830411044,"reconstruction_loss":0,"Classifier-Val/FN":46}