{"clean_ratio_loss":12.145294189453125,"Ratio-Reg/L_cycle":55.15801239013672,"Ratio-Reg/L_consistency":0,"_timestamp":1.748542684428619e+09,"[Ratio‑TD-only-src]/train_loss":13.806988586425781,"Classifier-Val/loss":0.08167389852350408,"Denoiser/train_loss":0.6088499298095703,"Classifier-Val/accuracy":0.9772727272727273,"Vec-Ratio/clf:{eta_clf} and ratio:{eta_ratio}/loss_clf":461.4471740722656,"Vec-Ratio/clf:{eta_clf} and ratio:{eta_ratio}/loss_ratio":440.85107421875,"Classifier-Val/FN":5,"_step":299,"_wandb":{"runtime":152},"mask_token_diff":5.533451557159424,"Vec-Ratio/clf:0 and ratio:1/train_loss":2303.982379261364,"Ratio-Reg/train_loss":3.72316312789917,"Classifier-Val/TN":755,"Classifier/train_loss":0.06718461215496063,"data/num_src":10000,"[Ratio‑TD]/train_loss":18.644414417613635,"Classifier-Val/TP":9995,"[Ratio on t-clf]/train_loss":9.23129765181108,"Vec-Ratio/clf:1 and ratio:0/train_loss":2854.164567471591,"Vec-Ratio/clf:{eta_clf} and ratio:{eta_ratio}/mask_reg":15.514851570129395,"data/num_tgt":1000,"mask_mean":-7.986584663391113,"_runtime":152.342074,"reconstruction_loss":0,"epoch":1,"Classifier-Val/FP":245,"[Ratio on t-clf + clean ratio]/train_loss":10.617482266512784,"token_mean":-2.4531326293945312,"Vec-Ratio/clf:0.25 and ratio:1/train_loss":3631.0685568181816,"Time-Dependent Classifier/train_loss":0.16156450115550647}