{"Vec-Ratio/clf:0.25 and ratio:1/train_loss":3297.8448394886364,"token_mean":-3.192518711090088,"[Ratio on t-clf]/train_loss":9.50771455522017,"mask_token_diff":-7.28566312789917,"clean_ratio_loss":15.85491943359375,"Classifier-Val/TP":10000,"data/num_tgt":1000,"data/num_src":10000,"Classifier-Val/TN":819,"Classifier-Val/FP":181,"reconstruction_loss":0,"_step":299,"Vec-Ratio/clf:{eta_clf} and ratio:{eta_ratio}/loss_clf":403.13861083984375,"epoch":1,"_runtime":153.651686,"Denoiser/train_loss":0.660731201171875,"_timestamp":1.748540654194324e+09,"Classifier-Val/FN":0,"Ratio-Reg/L_consistency":0,"Vec-Ratio/clf:{eta_clf} and ratio:{eta_ratio}/loss_ratio":392.39752197265625,"Time-Dependent Classifier/train_loss":0.1553335075378418,"Vec-Ratio/clf:{eta_clf} and ratio:{eta_ratio}/mask_reg":14.64113712310791,"_wandb":{"runtime":154},"mask_mean":4.09314489364624,"Classifier-Val/loss":0.0617215259291909,"[Ratio on t-clf + clean ratio]/train_loss":13.554886385830965,"Ratio-Reg/train_loss":3.853900909423828,"Ratio-Reg/L_cycle":88.15402221679688,"Vec-Ratio/clf:1 and ratio:0/train_loss":2100.2627720170453,"[Ratio‑TD]/train_loss":20.19369881924716,"[Ratio‑TD-only-src]/train_loss":15.63744794921875,"Vec-Ratio/clf:0 and ratio:1/train_loss":2348.873136363636,"Classifier-Val/accuracy":0.9835454545454545,"Classifier/train_loss":0.06489832699298859}