{"_step":437,"[Ratio on t-clf]/train_loss":0.8471162120274135,"mask_token_diff":7.0826215744018555,"Classifier-Val/TN":812,"token_mean":-4.598258972167969,"fig/Source_samples_n___10000_20250528_103408":{"_type":"image-file","sha256":"7e8b178c1879b906c40eb7b36d17e19f062d07ad39923ac06c105a925de78148","size":250253,"path":"media/images/fig/Source_samples_n___10000_20250528_103408_1_7e8b178c1879b906c40e.png","format":"png","width":1468,"height":1164},"Vec-Ratio/clf:1 and ratio:1/train_loss":8.870888625372023,"Ratio-Reg/L_consistency":0,"Classifier-Val/TP":19948,"mask_mean":-11.680879592895508,"_timestamp":1.748446965711745e+09,"Time-Dependent Classifier/train_loss":0.11869915984925769,"[Ratio on t-clf + reconstruction loss]/train_loss":24.90412158203125,"Classifier/train_loss":0.07747998833656311,"fig/Target_samples_n___1000_20250528_103407":{"format":"png","width":1468,"height":1164,"_type":"image-file","sha256":"0bd5b68ccbaaa9f1c8e6f168bf8f1251215bb450a9932474f7c9ae56a10a748f","size":258136,"path":"media/images/fig/Target_samples_n___1000_20250528_103407_0_0bd5b68ccbaaa9f1c8e6.png"},"data/num_src":20000,"_runtime":4118.670813,"Denoiser/train_loss":2.2995893157958984,"Ratio-Reg/train_loss":3.169218063354492,"Ratio-Reg/L_cycle":41.42539978027344,"Vec-Ratio/clf:0 and ratio:1/train_loss":1.8449119538806733,"[Ratio‑TD]/train_loss":3.1530623677571614,"data/num_tgt":1000,"epoch":30,"_wandb":{"runtime":4118},"[Ratio‑TD-only-src]/train_loss":11.09472103881836,"Classifier-Val/FN":52,"Classifier-Val/accuracy":0.9885714285714285,"Classifier-Val/FP":188,"Classifier-Val/loss":0.032073256523836226,"Vec-Ratio/clf:1 and ratio:0/train_loss":3.2646077909923736}