{"Vec-Ratio/clf:0 and ratio:1/train_loss":2304.019221590909,"_wandb":{"runtime":136},"Classifier/train_loss":0.06729403138160706,"Vec-Ratio/clf:1 and ratio:0/train_loss":2854.1645795454547,"_timestamp":1.748542139308795e+09,"data/num_src":10000,"Ratio-Reg/L_cycle":55.174339294433594,"Ratio-Reg/train_loss":3.725245952606201,"Vec-Ratio/clf:0.25 and ratio:1/train_loss":3631.1095482954547,"[Ratio‑TD]/train_loss":18.66405584161932,"Ratio-Reg/L_consistency":0,"mask_token_diff":-22.456315994262695,"Classifier-Val/TP":9995,"Vec-Ratio/clf:{eta_clf} and ratio:{eta_ratio}/loss_clf":461.4471435546875,"mask_mean":24.8208065032959,"[Ratio on t-clf + clean ratio]/train_loss":10.619544921875,"clean_ratio_loss":12.159987449645996,"Classifier-Val/accuracy":0.9772727272727273,"Time-Dependent Classifier/train_loss":0.16156450167569247,"reconstruction_loss":0,"epoch":1,"_runtime":136.001621,"Vec-Ratio/clf:{eta_clf} and ratio:{eta_ratio}/loss_ratio":440.8568115234375,"[Ratio‑TD-only-src]/train_loss":13.815687225341797,"Classifier-Val/TN":755,"data/num_tgt":1000,"Classifier-Val/FN":5,"_step":279,"Classifier-Val/FP":245,"token_mean":2.364490270614624,"Classifier-Val/loss":0.08167390233820135,"[Ratio on t-clf]/train_loss":9.231296797318892,"Denoiser/train_loss":0.6088499298095703,"Vec-Ratio/clf:{eta_clf} and ratio:{eta_ratio}/mask_reg":15.51472282409668}