{"Ratio-Reg/L_consistency":0,"Classifier-Val/loss":0.06172152822667902,"Vec-Ratio/clf:1 and ratio:0/train_loss":2056.4413025568183,"[Ratio on t-clf + clean ratio]/train_loss":13.555434215198863,"Vec-Ratio/clf:{eta_clf} and ratio:{eta_ratio}/loss_clf":403.1380920410156,"Vec-Ratio/clf:0 and ratio:1/train_loss":2348.8879389204544,"Denoiser/train_loss":0.6607311294555664,"reconstruction_loss":0,"Classifier-Val/accuracy":0.9835454545454545,"Vec-Ratio/clf:0.25 and ratio:1/train_loss":3297.860897727273,"Time-Dependent Classifier/train_loss":0.1553335110057484,"Ratio-Reg/L_cycle":88.15921020507812,"epoch":1,"Vec-Ratio/clf:{eta_clf} and ratio:{eta_ratio}/mask_reg":14.641106605529785,"_runtime":131.816866,"clean_ratio_loss":15.858266830444336,"_step":279,"[Ratio‑TD-only-src]/train_loss":15.641094445800782,"mask_token_diff":-20.61847686767578,"mask_mean":25.65216636657715,"[Ratio‑TD]/train_loss":20.19778991699219,"_wandb":{"runtime":132},"data/num_src":10000,"Classifier-Val/FP":181,"Classifier-Val/FN":0,"data/num_tgt":1000,"token_mean":5.033690929412842,"Vec-Ratio/clf:{eta_clf} and ratio:{eta_ratio}/loss_ratio":392.3986511230469,"Classifier/train_loss":0.0648912712931633,"[Ratio on t-clf]/train_loss":9.50771377840909,"Ratio-Reg/train_loss":3.8542838096618652,"Classifier-Val/TN":819,"Classifier-Val/TP":10000,"_timestamp":1.74854007794859e+09}