{"Vec-Ratio/clf:0 and ratio:1/train_loss":2370.7221803977272,"Ratio-Reg/L_consistency":0,"_runtime":199.67222,"_timestamp":1.748548976059571e+09,"data/num_src":10000,"reconstruction_loss":0,"Classifier-Val/TN":741,"_step":1516,"Vec-Ratio/clf:{eta_clf} and ratio:{eta_ratio}/loss_ratio":471.5367736816406,"mask_mean":-3.731184482574463,"Classifier-Val/FP":259,"[Ratio‑TD-only-src]/train_loss":0.0748371151804924,"[Ratio on t-clf]/train_loss":7.809323774857955,"epoch":1,"token_mean":-1.826799750328064,"[Ratio on t-clf + clean ratio]/train_loss":8.209186068448153,"Ratio-Reg/L_cycle":2.633244514465332,"Denoiser/train_loss":0.5955260528564453,"Classifier-Val/accuracy":0.9764545454545455,"Classifier-Val/FN":0,"Ratio-Reg/train_loss":0.08697044849395752,"Vec-Ratio/clf:{eta_clf} and ratio:{eta_ratio}/loss_clf":504.9805603027344,"Classifier-Val/loss":0.0841288776397705,"data/num_tgt":1000,"mask_token_diff":1.9043846130371094,"clean_ratio_loss":6.888288497924805,"Vec-Ratio/clf:1 and ratio:0/train_loss":0.7344304504394531,"[Ratio‑TD]/train_loss":0.051956355506723575,"Vec-Ratio/clf:0.25 and ratio:1/train_loss":3767.350661931818,"Vec-Ratio/clf:{eta_clf} and ratio:{eta_ratio}/mask_reg":15.485414505004883,"Classifier-Val/TP":10000,"_wandb":{"runtime":200},"Time-Dependent Classifier/train_loss":0.16564638848738236}