{"Ratio-Reg/L_consistency":0,"Classifier-Val/TP":9995,"Classifier-Val/TN":755,"data/num_tgt":1000,"reconstruction_loss":0,"Time-Dependent Classifier/train_loss":0.16156450254266913,"mask_mean":24.8208065032959,"Classifier/train_loss":0.06728197634220123,"Vec-Ratio/clf:{eta_clf} and ratio:{eta_ratio}/mask_reg":15.514740943908691,"Classifier-Val/FP":245,"[Ratio on t-clf + clean ratio]/train_loss":10.619781172318891,"token_mean":2.3644893169403076,"_wandb":{"runtime":135},"Vec-Ratio/clf:1 and ratio:0/train_loss":2854.1645859375,"[Ratio on t-clf]/train_loss":9.231296619762073,"[Ratio‑TD-only-src]/train_loss":13.821074822998046,"_step":279,"Classifier-Val/loss":0.08167389943382956,"Vec-Ratio/clf:{eta_clf} and ratio:{eta_ratio}/loss_ratio":440.8582458496094,"Vec-Ratio/clf:0 and ratio:1/train_loss":2304.0307301136363,"Vec-Ratio/clf:{eta_clf} and ratio:{eta_ratio}/loss_clf":461.4493103027344,"Classifier-Val/FN":5,"clean_ratio_loss":12.160083770751953,"Vec-Ratio/clf:0.25 and ratio:1/train_loss":3631.1233480113638,"_runtime":134.906265,"Classifier-Val/accuracy":0.9772727272727273,"Ratio-Reg/train_loss":3.7277517318725586,"_timestamp":1.748542520622798e+09,"Denoiser/train_loss":0.6088499298095703,"Ratio-Reg/L_cycle":55.17135238647461,"data/num_src":10000,"epoch":1,"mask_token_diff":-22.45631980895996,"[Ratio‑TD]/train_loss":18.66568523615057}