{"data/num_src":10000,"Classifier/train_loss":0.13876567780971527,"token_mean":-2.5834298133850098,"reconstruction_loss":0,"epoch":30,"Ratio-Reg/L_consistency":0,"Vec-Ratio/clf:{eta_clf} and ratio:{eta_ratio}/loss_ratio":2.4645495414733887,"_step":4284,"Classifier-Val/FP":310,"Classifier-Val/TN":690,"Classifier-Val/FN":208,"_wandb":{"runtime":1140},"Classifier-Val/loss":0.12156946849822999,"clean_ratio_loss":6.724923133850098,"data/num_tgt":1000,"Time-Dependent Classifier/train_loss":0.21916154341264205,"Vec-Ratio/clf:{eta_clf} and ratio:{eta_ratio}/loss_clf":5.029824256896973,"_runtime":1140.095775,"[Ratio‑TD]/train_loss":3.890817421653054,"Vec-Ratio/clf:0.25 and ratio:1/train_loss":3.894065673828125,"mask_mean":-3.809349775314331,"mask_token_diff":1.2259197235107422,"[Ratio on t-clf + clean ratio]/train_loss":1.0969024200439452,"Ratio-Reg/L_cycle":17.436302185058594,"Classifier-Val/TP":9792,"_timestamp":1.7484647265064409e+09,"[Ratio on t-clf]/train_loss":0.4142174758911133,"Classifier-Val/accuracy":0.9529090909090909,"Ratio-Reg/train_loss":4.983320236206055,"Vec-Ratio/clf:{eta_clf} and ratio:{eta_ratio}/mask_reg":0.5192246437072754,"[Ratio‑TD-only-src]/train_loss":15.119247863769532,"Denoiser/train_loss":0.6583337524414062,"Vec-Ratio/clf:0 and ratio:1/train_loss":2.3059979469992897}