{"reconstruction_loss":0,"Vec-Ratio/clf:0 and ratio:1/train_loss":2765.399718039773,"[Ratio‑TD-only-src]/train_loss":0.18872886009216308,"Vec-Ratio/clf:{eta_clf} and ratio:{eta_ratio}/loss_clf":455.65423583984375,"data/num_src":10000,"Classifier-Val/TP":9919,"Classifier-Val/FP":607,"Vec-Ratio/clf:1 and ratio:0/train_loss":0.9506479852849787,"[Ratio‑TD]/train_loss":0.08032220181551847,"Classifier-Val/TN":393,"Vec-Ratio/clf:{eta_clf} and ratio:{eta_ratio}/mask_reg":11.070383071899414,"epoch":1,"_step":1516,"token_mean":-1.8079063892364502,"Ratio-Reg/train_loss":0.0485420823097229,"Classifier-Val/FN":81,"[Ratio on t-clf + clean ratio]/train_loss":4.395913307883522,"Vec-Ratio/clf:0.25 and ratio:1/train_loss":3498.6004701704546,"[Ratio on t-clf]/train_loss":3.699367229114879,"data/num_tgt":1000,"Classifier-Val/loss":0.17042426950281317,"clean_ratio_loss":9.299352645874023,"mask_mean":-2.975856065750122,"mask_token_diff":1.1679495573043823,"Classifier-Val/accuracy":0.9374545454545454,"Denoiser/train_loss":0.598131607055664,"_wandb":{"runtime":193},"Ratio-Reg/L_cycle":3.817044734954834,"Vec-Ratio/clf:{eta_clf} and ratio:{eta_ratio}/loss_ratio":423.39080810546875,"Ratio-Reg/L_consistency":0,"Time-Dependent Classifier/train_loss":0.230375844782049,"_runtime":193.112154,"_timestamp":1.7485487681804411e+09}