{"[Ratio on t-clf]/train_loss":0.012260708093643189,"data/num_tgt":1000,"Classifier-Val/TP":10000,"mask_mean":5.668414115905762,"Classifier-Val/accuracy":0.9984545454545455,"_timestamp":1.7483837143336809e+09,"Vec-Ratio/clf:1 and ratio:1/train_loss":3.866345830743963,"Ratio-Reg/L_cycle":139.66688537597656,"Time-Dependent Classifier/train_loss":0.10095491287925026,"_runtime":3136.979918,"[Ratio‑TD]/train_loss":6.371481034712358,"mask_token_diff":0.6360583305358887,"epoch":30,"Denoiser/train_loss":0.6062284301757812,"Classifier/train_loss":0.0008395868935622275,"Vec-Ratio/clf:0 and ratio:1/train_loss":0.36926189491965555,"token_mean":6.30447244644165,"data/num_src":10000,"Classifier-Val/FN":0,"Ratio-Reg/train_loss":6.381181240081787,"Classifier-Val/FP":17,"_wandb":{"runtime":3137},"Classifier-Val/loss":0.009972270090471615,"Vec-Ratio/clf:1 and ratio:0/train_loss":0.3347067378651012,"Classifier-Val/TN":983,"_step":435,"[Ratio on t-clf + reconstruction loss]/train_loss":37.36836940696023,"[Ratio‑TD-only-src]/train_loss":26.653591015625,"Ratio-Reg/L_consistency":0}