{"Classifier-Val/loss":0.06172152328491211,"Vec-Ratio/clf:{eta_clf} and ratio:{eta_ratio}/mask_reg":0.05766947567462921,"Vec-Ratio/clf:0.25 and ratio:1/train_loss":1.68466342717951,"_timestamp":1.748467474816441e+09,"Ratio-Reg/L_cycle":84.72139739990234,"Classifier-Val/TP":10000,"reconstruction_loss":0,"Vec-Ratio/clf:{eta_clf} and ratio:{eta_ratio}/loss_ratio":0.9747965931892395,"Vec-Ratio/clf:{eta_clf} and ratio:{eta_ratio}/loss_clf":3.0985121726989746,"_runtime":1240.044645,"[Ratio‑TD-only-src]/train_loss":15.642602383422851,"Classifier-Val/accuracy":0.9835454545454545,"data/num_src":10000,"[Ratio‑TD]/train_loss":5.181477871981534,"Classifier/train_loss":0.06480150669813156,"Vec-Ratio/clf:0 and ratio:1/train_loss":0.7772279593727806,"[Ratio on t-clf + clean ratio]/train_loss":1.043522821599787,"token_mean":-1.5108338594436646,"Ratio-Reg/L_consistency":0,"[Ratio on t-clf]/train_loss":0.05280100822448731,"_step":4284,"Classifier-Val/FN":0,"clean_ratio_loss":10.433016777038574,"mask_mean":-3.462557315826416,"Time-Dependent Classifier/train_loss":0.15533350597728382,"Classifier-Val/TN":819,"_wandb":{"runtime":1240},"mask_token_diff":1.9517234563827515,"Ratio-Reg/train_loss":4.748779773712158,"data/num_tgt":1000,"Classifier-Val/FP":181,"epoch":30,"Denoiser/train_loss":0.6607311004638672}