{"[Ratio on t-clf + clean ratio]/train_loss":0.42927024350847515,"_runtime":133.644768,"[Ratio on t-clf]/train_loss":0.14746919146038237,"data/num_tgt":1000,"reconstruction_loss":0,"_wandb":{"runtime":298},"_step":48,"Ratio-Reg/L_cycle":0.3379872441291809,"fig/Target_samples_n___1000_20250530_135433":{"width":1468,"height":1164,"_type":"image-file","sha256":"cae283ed36ac6ebc12bea5c134d359c6bc9bb0ab81c7553909368fcbcae10a0f","size":259720,"path":"media/images/fig/Target_samples_n___1000_20250530_135433_0_cae283ed36ac6ebc12be.png","format":"png"},"Ratio-Reg/train_loss":0.0957985371351242,"fig/Source_samples_n___10000_20250530_135434":{"sha256":"7e8b178c1879b906c40eb7b36d17e19f062d07ad39923ac06c105a925de78148","size":250253,"path":"media/images/fig/Source_samples_n___10000_20250530_135434_1_7e8b178c1879b906c40e.png","format":"png","width":1468,"height":1164,"_type":"image-file"},"[Ratio‑TD-only-src]/train_loss":0.07625484938621521,"data/num_src":20000,"clean_ratio_loss":0.5338415503501892,"Ratio-Reg/L_consistency":0,"Denoiser/train_loss":2.2085386169433594,"[Ratio‑TD]/train_loss":0.19156527346656435,"epoch":1,"_timestamp":1.7486278066604621e+09}