{"reconstruction_loss":0,"_step":1546,"clean_ratio_loss":11.455495834350586,"[Ratio on t-clf]/train_loss":8.95035331587358,"_runtime":217.349382,"data/num_tgt":1000,"[Ratio on t-clf + clean ratio]/train_loss":12.74969784268466,"Time-Dependent Classifier/train_loss":0.21916279498013583,"Vec-Ratio/clf:{eta_clf} and ratio:{eta_ratio}/mask_reg":13.691482543945312,"mask_mean":-4.35432767868042,"Classifier-Val/FN":208,"Classifier-Val/loss":0.1215765940059315,"_wandb":{"runtime":217},"Classifier-Val/TP":9792,"[Ratio‑TD]/train_loss":14.03954121537642,"token_mean":-3.5117440223693848,"Denoiser/train_loss":0.6583337219238281,"Vec-Ratio/clf:{eta_clf} and ratio:{eta_ratio}/loss_clf":380.88909912109375,"[Ratio‑TD-only-src]/train_loss":15.125894848632813,"mask_token_diff":0.842583954334259,"Ratio-Reg/L_consistency":0,"Vec-Ratio/clf:{eta_clf} and ratio:{eta_ratio}/loss_ratio":387.1524658203125,"Ratio-Reg/train_loss":6.180893421173096,"data/num_src":10000,"Ratio-Reg/L_cycle":17.22576904296875,"Classifier-Val/TN":690,"_timestamp":1.7485485589608488e+09,"Classifier-Val/accuracy":0.9529090909090909,"Vec-Ratio/clf:0.25 and ratio:1/train_loss":3478.253605823864,"Vec-Ratio/clf:1 and ratio:0/train_loss":3.3890615844726564,"Classifier/train_loss":0.13893474638462067,"Classifier-Val/FP":310,"epoch":1,"Vec-Ratio/clf:0 and ratio:1/train_loss":2451.330629971591}