{"Denoiser/train_loss":0.6607311538696289,"epoch":1,"Classifier-Val/accuracy":0.9835454545454545,"[Ratio on t-clf + clean ratio]/train_loss":13.555116943359375,"Classifier-Val/TP":10000,"[Ratio‑TD-only-src]/train_loss":15.638799923706054,"[Ratio on t-clf]/train_loss":9.507715187766335,"data/num_tgt":1000,"_wandb":{"runtime":220},"Time-Dependent Classifier/train_loss":0.15533350511030716,"Ratio-Reg/L_consistency":0,"Vec-Ratio/clf:{eta_clf} and ratio:{eta_ratio}/mask_reg":15.413888931274414,"_step":1546,"_runtime":220.24639,"_timestamp":1.748548160667617e+09,"Vec-Ratio/clf:0.25 and ratio:1/train_loss":2959.963364346591,"mask_mean":-3.5934014320373535,"[Ratio‑TD]/train_loss":20.194677135120738,"Ratio-Reg/L_cycle":88.16109466552734,"reconstruction_loss":0,"clean_ratio_loss":15.853850364685059,"mask_token_diff":2.1612584590911865,"token_mean":-1.4321433305740356,"Vec-Ratio/clf:0 and ratio:1/train_loss":1949.8628025568182,"Classifier-Val/TN":819,"Ratio-Reg/train_loss":3.851578712463379,"Classifier/train_loss":0.06492556631565094,"data/num_src":10000,"Classifier-Val/FN":0,"Classifier-Val/loss":0.06172152211449363,"Vec-Ratio/clf:{eta_clf} and ratio:{eta_ratio}/loss_clf":374.7500915527344,"Vec-Ratio/clf:{eta_clf} and ratio:{eta_ratio}/loss_ratio":369.4922790527344,"Classifier-Val/FP":181,"Vec-Ratio/clf:1 and ratio:0/train_loss":0.6072621016068892}